{
  "model": "lightgbm",
  "test_accuracy": 0.8841875984799332,
  "best_params": {
    "learning_rate": 0.05,
    "max_depth": 10,
    "n_estimators": 300,
    "num_leaves": 50
  },
  "classification_report": {
    "collective_anomaly": {
      "precision": 0.7255051467784979,
      "recall": 0.7939090529828953,
      "f1-score": 0.7581673306772908,
      "support": 2397.0
    },
    "contextual_anomaly": {
      "precision": 1.0,
      "recall": 1.0,
      "f1-score": 1.0,
      "support": 2397.0
    },
    "deterministic_trend": {
      "precision": 0.987012987012987,
      "recall": 0.9828952857738841,
      "f1-score": 0.9849498327759197,
      "support": 2397.0
    },
    "mean_shift": {
      "precision": 0.805921052631579,
      "recall": 0.8176887776387151,
      "f1-score": 0.8117622696210396,
      "support": 2397.0
    },
    "point_anomaly": {
      "precision": 0.768361581920904,
      "recall": 0.7939949958298582,
      "f1-score": 0.7809680065627563,
      "support": 2398.0
    },
    "Stochastic Trend": {
      "precision": 0.9621920135938827,
      "recall": 0.9445371142618849,
      "f1-score": 0.9532828282828283,
      "support": 2398.0
    },
    "trend_shift": {
      "precision": 0.9386450788240307,
      "recall": 0.9186822351959967,
      "f1-score": 0.9285563751317176,
      "support": 2398.0
    },
    "variance_shift": {
      "precision": 0.8933691756272402,
      "recall": 0.8315262718932444,
      "f1-score": 0.8613390928725702,
      "support": 2398.0
    },
    "Volatility": {
      "precision": 0.9007731958762887,
      "recall": 0.8744787322768974,
      "f1-score": 0.8874312314853999,
      "support": 2398.0
    },
    "accuracy": 0.8841875984799332,
    "macro avg": {
      "precision": 0.8868644702517122,
      "recall": 0.8841902739837084,
      "f1-score": 0.8851618852677247,
      "support": 21578.0
    },
    "weighted avg": {
      "precision": 0.886865815079527,
      "recall": 0.8841875984799332,
      "f1-score": 0.8851612257120659,
      "support": 21578.0
    }
  },
  "confusion_matrix": [
    [
      1903,
      0,
      0,
      131,
      241,
      14,
      5,
      42,
      61
    ],
    [
      0,
      2397,
      0,
      0,
      0,
      0,
      0,
      0,
      0
    ],
    [
      0,
      0,
      2356,
      3,
      0,
      5,
      33,
      0,
      0
    ],
    [
      208,
      0,
      0,
      1960,
      95,
      34,
      61,
      16,
      23
    ],
    [
      259,
      0,
      0,
      87,
      1904,
      13,
      5,
      74,
      56
    ],
    [
      11,
      0,
      6,
      71,
      9,
      2265,
      32,
      4,
      0
    ],
    [
      27,
      0,
      25,
      102,
      13,
      13,
      2203,
      4,
      11
    ],
    [
      116,
      0,
      0,
      47,
      145,
      10,
      6,
      1994,
      80
    ],
    [
      99,
      0,
      0,
      31,
      71,
      0,
      2,
      98,
      2097
    ]
  ]
}