{
  "model": "xgboost",
  "test_accuracy": 0.8803410881453332,
  "best_params": {
    "learning_rate": 0.05,
    "max_depth": 10,
    "n_estimators": 300,
    "subsample": 0.8
  },
  "classification_report": {
    "collective_anomaly": {
      "precision": 0.7134767836919592,
      "recall": 0.7884856070087609,
      "f1-score": 0.7491082045184304,
      "support": 2397.0
    },
    "contextual_anomaly": {
      "precision": 1.0,
      "recall": 0.9995828118481435,
      "f1-score": 0.9997913624035051,
      "support": 2397.0
    },
    "deterministic_trend": {
      "precision": 0.9849749582637729,
      "recall": 0.98456403838131,
      "f1-score": 0.9847694554558731,
      "support": 2397.0
    },
    "mean_shift": {
      "precision": 0.800992966487381,
      "recall": 0.8076762619941593,
      "f1-score": 0.8043207312006647,
      "support": 2397.0
    },
    "point_anomaly": {
      "precision": 0.7607906413876563,
      "recall": 0.786488740617181,
      "f1-score": 0.77342628665163,
      "support": 2398.0
    },
    "Stochastic Trend": {
      "precision": 0.9574198988195616,
      "recall": 0.9470391993327774,
      "f1-score": 0.9522012578616352,
      "support": 2398.0
    },
    "trend_shift": {
      "precision": 0.9368600682593856,
      "recall": 0.9157631359466222,
      "f1-score": 0.9261914803880219,
      "support": 2398.0
    },
    "variance_shift": {
      "precision": 0.8919405673120216,
      "recall": 0.8261050875729775,
      "f1-score": 0.857761420220827,
      "support": 2398.0
    },
    "Volatility": {
      "precision": 0.9027777777777778,
      "recall": 0.8673894912427023,
      "f1-score": 0.8847299021692897,
      "support": 2398.0
    },
    "accuracy": 0.8803410881453332,
    "macro avg": {
      "precision": 0.8832481846666129,
      "recall": 0.8803438193271815,
      "f1-score": 0.8813666778744307,
      "support": 21578.0
    },
    "weighted avg": {
      "precision": 0.8832497393996849,
      "recall": 0.8803410881453332,
      "f1-score": 0.8813660975128551,
      "support": 21578.0
    }
  },
  "confusion_matrix": [
    [
      1890,
      0,
      0,
      144,
      248,
      15,
      5,
      40,
      55
    ],
    [
      1,
      2396,
      0,
      0,
      0,
      0,
      0,
      0,
      0
    ],
    [
      0,
      0,
      2360,
      5,
      0,
      6,
      26,
      0,
      0
    ],
    [
      225,
      0,
      2,
      1936,
      89,
      38,
      69,
      17,
      21
    ],
    [
      280,
      0,
      0,
      83,
      1886,
      15,
      5,
      77,
      52
    ],
    [
      14,
      0,
      6,
      64,
      8,
      2271,
      32,
      2,
      1
    ],
    [
      23,
      0,
      28,
      106,
      13,
      12,
      2196,
      4,
      16
    ],
    [
      114,
      0,
      0,
      48,
      153,
      15,
      8,
      1981,
      79
    ],
    [
      102,
      0,
      0,
      31,
      82,
      0,
      3,
      100,
      2080
    ]
  ]
}